FileName,Content
2017-01-01_04-27-24_UTC.txt,#brisbane #2017 @ricobellotti
2017-01-03_06-08-43_UTC.txt,Great company to start the year :) #brisbane #2017
2017-01-05_08-59-47_UTC.txt,Nice start to the season :) #brisbane #2017
2017-01-06_14-31-29_UTC.txt,Unfortunately not the result i wanted but it was still a great match :)#brisbane #2017 #thieminho  Thank u @thiem.fan
2017-01-11_15-53-11_UTC.txt,#sydney #2017
2017-01-14_13-26-41_UTC.txt,2 days until the start of the AO17 :)
2017-01-17_07-34-21_UTC.txt,"Happy with the win, but not happy that it was against this guy :)"
2017-01-18_13-32-18_UTC.txt,We're attacking 2017. Are you? @babolat #bamos #PlayToBeWild #ausopen
2017-01-19_16-02-16_UTC.txt,3rd round Australian Open ğŸ˜Š #newstyle #mygame
2017-01-21_12-53-35_UTC.txt,Happy to be in the second week of the @australianopen ğŸ˜Š
2017-01-23_12-31-48_UTC.txt,Solid start to the year. Congrats @david__goffin :) #australianopen #2017
2017-01-29_09-19-23_UTC.txt,Watching these 2 legends with @dennisnovi ğŸ¾ @australianopen #2017
2017-02-02_19-07-16_UTC.txt,True legend and one reason why i became Chelsea supporter :) thanks for everything ğŸ’™ #lampard #chelsea #8
2017-02-03_13-41-34_UTC.txt,#lego #mygame #bigben #9hoursinarow @dennisnovi
2017-02-15_21-42-32_UTC.txt,Always great matches against you :) @alexzverev123 #rotterdam #2017
2017-02-17_15-47-04_UTC.txt,Really nice song :) #zuhauseistwir
2017-02-20_13-12-10_UTC.txt,Rio de Janeiro ğŸ˜Š #brazil #copacabana
2017-02-23_04-24-21_UTC.txt,Rio 2017 :) #brazil #copacabana
2017-02-25_12-43-15_UTC.txt,ğŸ˜ƒğŸ˜ƒğŸ˜ƒ #loveit #rio #2017
2017-02-27_14-58-11_UTC.txt,Amazing week in Rio ğŸ˜ŠğŸ† #lovebrazil #mygame #adidas #babolat #number8
2017-03-02_09-18-38_UTC.txt,#acapulco #2017 â˜€â˜€â˜€
2017-03-06_02-46-33_UTC.txt,Joshua Tree Nationalpark â˜€ #amazing
2017-03-09_05-43-55_UTC.txt,@petzsche #legende!! Wo ist @tobiaskamke? #brÃ¼der
2017-03-09_21-26-24_UTC.txt,We found him ğŸ˜ƒ @tobiaskamke @petzsche #zirkel
2017-03-11_21-34-34_UTC.txt,#brazuca @marcelomelo83 #bomdia #indianwells17
2017-03-14_18-47-46_UTC.txt,#indianwells17 #babolat #adidas #mygame
2017-03-16_17-02-10_UTC.txt,"Hallo Leute, wer sich wundert wofÃ¼r TFC steht, ich habe mit ein paar Freunden eine FuÃŸballmannschaft gegrÃ¼ndet, die sich 1.TFC nennt. Die Mannschaft besteht hauptsÃ¤chlich aus Tennisspielern, die auch ganz gut kicken kÃ¶nnen. Unser Team sucht noch ein paar VerstÃ¤rkungen, am besten mit Tennisbackground aber wir sind offen fÃ¼r alles. Wer Interesse hat, ein Teil unserer Truppe zu werden und sich als guter Kicker einschÃ¤tzt, kann sich gerne bei @roykrawcewicz oder @sebastianbeutel (unsere Scouts ) melden. Danke!!"
2017-03-17_19-09-38_UTC.txt,Finished the week with 2 losses.. the second one was worse.. @corneliushaa #mygame #indianwells17
2017-03-20_11-58-01_UTC.txt,Good first practice in Miami :) #legende @_danielaltmaier  #mygame #miami
2017-03-23_18-43-59_UTC.txt,Miami 2017 ğŸ˜Š #keybiscane #florida @sebastianbeutel
2017-03-24_14-16-28_UTC.txt,Im taking over the @babolat instagram account today :)
2017-03-28_09-42-55_UTC.txt,Austria â¤ #home
2017-03-31_14-42-46_UTC.txt,Escape Room we made it... NOT ğŸ˜‚  @sebastianbeutel @_lucasleitner_ @peter.moizi
2017-04-04_08-10-08_UTC.txt,#sÃ¼dstadt @ricobellotti #mygame
2017-04-07_18-31-13_UTC.txt,Friday night couchpotato-selfie with new best shoes. #mygame @adidas #futurecraft
2017-04-10_13-29-30_UTC.txt,Really good that this guy is back!!! #mygame #sÃ¼dstadt
2017-04-11_11-22-55_UTC.txt,Want a signed racket? @babolat and I are giving away 3 #PureStrike rackets with my autograph. Check the link in my bio  http://babol.at/StrikeDominicInst
2017-04-16_12-16-41_UTC.txt,Monte Carlo 2017 ğŸ˜ƒ #clay #mygame
2017-04-17_17-50-35_UTC.txt,Always a pleasure with this guy!! #montecarlo #mygame #clay
2017-04-24_09-51-37_UTC.txt,My new homepage is online from today :) https://dominicthiem.tennis/
2017-04-28_18-10-06_UTC.txt,Barcelona 2017 :) #mygame
2017-04-29_20-33-33_UTC.txt,Really happy about my win today against one of the game greatest :) #barcelona #mygame
2017-05-01_12-24-53_UTC.txt,Zero Dye. Zero Noise.  Very good last week :) #ZNE #FindFocus  @adidas_de
2017-05-05_10-49-43_UTC.txt,Nice practices in SÃ¼dstadt :) #vienna
2017-05-05_13-04-09_UTC.txt,New @rolandgarros products from @babolat! #RG2017 #bamos #mygame
2017-05-07_14-17-01_UTC.txt,Great interview with @jamie__murray :) #madrid #2017 #mygame
2017-05-11_22-22-38_UTC.txt,What a match today ğŸ˜ƒ unfortunately there are no ties in tennis.. #madrid #mygame
2017-05-13_08-45-44_UTC.txt,Congrats Chelsea to an amazing season ğŸ’™ #ktbffh #foreverblue #chelseaandtfc
2017-05-14_23-02-13_UTC.txt,Congrats @rafaelnadal :) Amazing week in Madrid!! #bamos #austrianflagphotobomb #mygame
2017-05-18_21-02-25_UTC.txt,Rome 2017 ğŸ˜Š #mygame
2017-05-24_12-24-48_UTC.txt,Last practice before French Open :) #paris #mygame @dennisnovi
2017-05-25_12-50-39_UTC.txt,Rolling to @rolandgarros with my Kia Sorento from @kiamotorsaustria!  #bamos #theyseemerollingtheyhating #kiasorento
2017-05-29_19-59-54_UTC.txt,Nice dinner in Paris :) #rolandgarros17
2017-05-30_09-21-09_UTC.txt,#WeLiveForThis #bamos #rg2017 @babolat
2017-06-03_14-04-09_UTC.txt,#parisğŸ‡«ğŸ‡· #rolandgarros17 #mygame
2017-06-04_23-16-07_UTC.txt,Roland Garros quarters ğŸ˜Š #mygame
2017-06-11_18-44-57_UTC.txt,Thank you Paris for a great tournament :) congrats @rafaelnadal for la decima!! #mygame
2017-06-14_22-12-08_UTC.txt,@nico_langmann thanks for my first doubles win since ages and good luck for the next tournaments ğŸ˜Š what a great guy!! #mygame
2017-06-17_18-19-55_UTC.txt,@1.tfc ğŸ˜Š #love #mygame
2017-06-20_08-04-36_UTC.txt,Halle 2017 ğŸ¾âš½ï¸ #mygame
2017-06-22_14-05-38_UTC.txt,Almost time for this âš¡ï¸the new @adidastennis London line #MyGame #bamos #grasscourtseason @wimbledon
2017-06-26_05-30-41_UTC.txt,Antalya 2017 :) #mygame
2017-06-27_13-31-56_UTC.txt,#MyGame is full of intent. #bamos @adidastennis @wimbledon
2017-06-28_09-07-22_UTC.txt,My official @wimbledon gear from @babolat ! #WeLiveForThis #bamos #thanks
2017-07-01_16-05-02_UTC.txt,From London with love... #canadaday #happybirthday #bamos #150years #happybirthdaycanada #tennis #tenniscanada #londoncanada #rogerscup #wimbledon #canada150 #gassseason #partyhardcanada #nice #adidas #babolat #mapelleaf #red #white #cheerio #candadayğŸ‡¨ğŸ‡¦ #ohcanada
2017-07-06_12-11-01_UTC.txt,2nd round today... #bamos #WeLiveForThis @babolat @wimbledon
2017-07-07_09-03-09_UTC.txt,Wimbledon 2017 :) #mygame
2017-07-13_19-42-20_UTC.txt,#holiday #mygame
2017-07-18_16-58-41_UTC.txt,#holiday #summer17
2017-07-20_21-42-34_UTC.txt,We are @babolat. #PlayToBeWild #bamos #purestrike
2017-07-27_19-55-18_UTC.txt,Nice flight with @austrianairlines to Washington :) thank you :) #mygame #austrianairlines
2017-07-29_12-19-09_UTC.txt,ğŸ’¥ out of the dark. The @adidastennis US Series #MyGame #bamos#falco
2017-07-30_12-39-49_UTC.txt,The other side of #MyGame. @adidastennis US Series. #bamos #pumptformyfirstmatch #thanksadidas
2017-08-05_14-22-40_UTC.txt,American and Canadian summer ğŸ¾ #mygame
2017-08-06_18-10-45_UTC.txt,Always a pleasure with you :) @dieschwartzman #mygame #montreal
2017-08-22_00-22-56_UTC.txt,Practiceweek before Us Open 2017 :) #mygame @karenkhachanov
2017-08-26_18-45-02_UTC.txt,"Together we can change the game for the better. If you see the potential for good, speak up. Don't be Quiet Please. @adidasOriginals @adidasNYC @adidastennis @Pharrell #adidasPharrellWilliams #MyGame"
2017-08-26_21-16-05_UTC.txt,What a cool Event  @pharrell @adidastennis @adidasoriginals #adidaspharrellwilliams #mygame
2017-08-27_11-09-51_UTC.txt,Time to get my stripes on the @adidastennis by @pharrellcollection #MyGame #USOpen #bamos
2017-08-28_18-06-40_UTC.txt,New fit ğŸ‘Œ. @adidastennis by @pharrell collection. #MyGame #USOpen #bamos
2017-09-01_12-37-58_UTC.txt,@babolat #PlayToBeWild #PureStrike #USOpen
2017-09-01_16-18-58_UTC.txt,Us Open 2017 :) 3rd round tomorrow ğŸ¾ #mygame
2017-09-06_15-39-07_UTC.txt,Very tough end to the Us Open.. still an incredible match.. see you in 2018 ğŸ¾  #mygame #KTLOML
2017-09-09_17-21-01_UTC.txt,#ThePulseOf #Home #ZNE #mygame  #TenSixSeventeen
2017-09-11_13-22-08_UTC.txt,Wir brauchen jede UnterstÃ¼tzung!! Bitte alle kommen :) @1.tfc #1tfcvsfcfantazisti #TenSixSeventeen
2017-09-13_21-37-45_UTC.txt,Davis Cup at home :) #mygame #autvsrom #TenSixSeventeen
2017-09-14_15-25-18_UTC.txt,Einfach unmenschlich!!! #tfcforever #tfcvsfantazisti #TenSixSeventeen
2017-09-20_18-16-42_UTC.txt,Laver Cup :) #prague #mygame #TenSixSeventeen
2017-09-22_07-35-56_UTC.txt,Laver Cup 2017 :) #prague #mygame #TenSixSeventeen
2017-09-25_11-23-55_UTC.txt,What a great weekend :) #lavercup #teameurope #TenSixSeventeen
2017-09-27_00-31-26_UTC.txt,Ni hao Chengdu ğŸ¼ #asianswing #mygame #TenSixSeventeen
2017-10-01_07-42-45_UTC.txt,Nice security in Tokyo ğŸ˜ƒ #asia2017 #mygame #TenSixSeventeen
2017-10-02_15-31-27_UTC.txt,Great doubles today ğŸ¾ ã‚ã‚ŠãŒã¨ã†ã€æ±äº¬ #mygame #TenSixSeventeen
2017-10-05_16-52-04_UTC.txt,What a nice city :) #tokyo #skytree #mygame #TenSixSeventeen
2017-10-08_16-01-07_UTC.txt,Thanks for this gift :) @1.tfc #shanghai #1tfc #mygame #TenSixSeventeen
2017-10-10_15-53-05_UTC.txt,Very nice dinner with Team Europe in Shanghai :) #lavercup #mygame #TenSixSeventeen #4today
2017-10-15_15-31-33_UTC.txt,Very happy about this!!! #atpfinals #mygame #TenSixSeventeen
2017-10-21_21-06-20_UTC.txt,Great practice as always with @karenkhachanov :) #vienna #dienstagistthiemstag #mygame #TenSixSeventeen
2017-10-30_19-35-24_UTC.txt,Nice walls in Paris :) @rolexparismasters #mygame #TenSixSeventeen
2017-11-01_12-53-01_UTC.txt,Is this the best shot of all time? Unreal!!!@dieschwartzman #paris #hotshot #TenSixSeventeen
2017-11-09_16-28-47_UTC.txt,First practice in London :) #nittoatpfinals #mygame #TenSixSeventeen
2017-11-11_13-55-08_UTC.txt,Good one today :) #nittoatpfinals #mygame #TenSixSeventeen
2017-11-16_10-13-28_UTC.txt,London 2017 #nittoatpfinals #mygame #TenSixSeventeen
2017-11-22_17-17-49_UTC.txt,Holidays 2017 ğŸ˜ Life is beautiful. #TenSixSeventeen
2017-11-26_14-39-09_UTC.txt,Amazing event organized by @fc.fantazisti :) Thanks a lot! #tfcforever #mygame #tensixseventeen
2017-11-28_17-52-39_UTC.txt,Love it :) #tfcvsfantazisti #99 #TenSixSeventeen
2017-11-30_08-21-32_UTC.txt,Back to work after a great holiday :) #tenerife #mygame #TenSixSeventeen
2017-12-04_12-54-25_UTC.txt,Tenerife 2017 :) #preseason #mygame #TenSixSeventeen #dodo
2017-12-06_18-41-48_UTC.txt,"Another hard, nice day in Tenerife :) #intervalls #preseason #mygame #TenSixSeventeen"
2017-12-10_18-35-44_UTC.txt,Day off is footballday :) #preseason #2017 @1.tfc  #tenerife #halfayearâ¤
2017-12-13_16-53-21_UTC.txt,What an amazing event and day!! Thanks @fc.fantazisti :) @1.tfc #football #atpworldtour #TenSixSeventeen
2017-12-17_16-13-35_UTC.txt,Intervals in Tenerife :) #preseason #tenerife #-8
2017-12-20_13-18-54_UTC.txt,Great practice days with @andreyrublev in tenerife :) #preseason #2017 #-5
2017-12-22_19-21-34_UTC.txt,Bye bye long hair :) #franzfigaro #legende #-3
2017-12-28_18-18-58_UTC.txt,Merci for making my life even so much better â¤ #betterhalf #theone #ontoagreat2018
2017-12-29_17-20-07_UTC.txt,Always looking forward. The new @adidastennis Melbourne collection. Click the link in bio to find out more. #bamos #createdwithadidas #AusOpen
2018-01-09_08-17-32_UTC.txt,Hello Melbourne! Tomorrow awaits the first big test for me here in Australia. First versus Novak Djokovic at the @kooyong_classic and then versus Stan Wawrinka at the @tiebreaktens! Canâ€™t wait! #bamos #kyoongclassic #tiebreaktens
2018-01-13_21-32-28_UTC.txt,Ready for Australian Open 2018 :) #melbourne #heretocreate
2018-01-21_01-13-15_UTC.txt,Into the second week :) #australianopen #2018 #heretocreate
2018-01-28_13-19-21_UTC.txt,Nice practice with Adidas Alphaskin :) #heretocreate #bravofornr4 â¤ï¸
2018-02-01_15-00-17_UTC.txt,Any city. Any time. #HereToCreate no matter what. @adidastennis #createwithadidas #bamods
2018-02-10_12-25-32_UTC.txt,First practice in Buenos Aires with @andihaidermaurer :) #claycourt #heretocreate #huitâ¤ï¸
2018-02-12_16-39-56_UTC.txt,La Bombonera :))) #heretocreate #sorrydiego #1TFC #TenSixSeventeen
2018-02-14_14-11-00_UTC.txt,First Valentinesday of many with you â¤ï¸ #jetaimetellement #forgood #frombuenosairestodoha
2018-02-19_04-54-36_UTC.txt,A great week in Buenos Aires ğŸ† #heretocreate #nr9 #TenSixSeventeen #oneweektogoâ¤ï¸
2018-02-26_21-17-01_UTC.txt,Great welcome to Acapulco :) #heretocreate #happybirthdayacapulco
2018-03-11_01-46-32_UTC.txt,Good first round today in Indian Wells :) #heretocreate #BNPPO18 #K
2018-03-15_17-09-41_UTC.txt,Unfortunately i have to pull out from Miami. Hopefully i will be 100% again on the clay in Europe :) #heretocreate #backsoon #K
2018-03-22_15-50-44_UTC.txt,ğŸğŸ‡¦ğŸ‡¹â˜€ï¸ / recovery is going onğŸ’ª  #kia #stinger #heretocreate @kiamotorsaustria
2018-03-24_14-33-31_UTC.txt,Drone + friends + brother = ğŸ”  #heretocreate #dayslikethisarethebest @_lucasleitner_ @moritzthiem
2018-03-26_17-52-11_UTC.txt,Improving my dart skills. Career after the career? Yes or no? @mvg180 #ğŸ¯ #180 #heretocreate
2018-03-28_17-26-12_UTC.txt,Had an incredible day at the beautiful Zotter chocolate factory! The way how they treat our planet is amazing. What is your favourite Zotter chocolate? @zotterschokoladen #ğŸ« #ğŸŒ #heretocreate
2018-03-30_17-36-29_UTC.txt,My favourite Ant-Eater! Ilseâ¤ï¸ The care of the animals and the condition of the zoo SchÃ¶nbrunn is fabulous! I really enjoyed the afternoon. #ğŸ¯ğŸ¦ #ğŸŠğŸ¦ #heretocreate
2018-04-01_17-03-43_UTC.txt,Feels good to be back on court!ğŸ¾ Looking forward to the clay season. #backinthebusiness #heretocreate
2018-04-03_17-08-06_UTC.txt,Nice interview with the Austrian TV last Sunday! Looking forward to my comebackğŸ‘Š #ğŸ¤ #ğŸ“¸ #heretocreate
2018-04-05_17-07-36_UTC.txt,Itâ€™s selfietime with a special guest today ğŸ¶ğŸ˜Š #animallover #heretocreate
2018-04-07_17-25-27_UTC.txt,ğŸ”™ to Monte Carlo 2015! Such a nice tournament. Canâ€™t wait to be back on clay! #ğŸ’ª #â˜„ï¸ #ğŸ”œ #heretocreate
2018-04-09_17-42-56_UTC.txt,Letâ€˜s get ready!ğŸ’ª Hard work every day! #ğŸ”‘ #ğŸ‹ï¸â€â™‚ï¸ #heretocreate
2018-04-11_17-18-34_UTC.txt,Nice evening at the premiere of the @comedyhirten in Vienna!ğŸ˜ƒ #ğŸ¤ #ğŸ” #heretocreate
2018-04-13_17-44-47_UTC.txt,First practice here in Monte Carlo!ğŸ’ª #â˜€ï¸ #ğŸ¾ #heretocreate
2018-04-15_17-02-52_UTC.txt,Good practice with @the_kokk1 in beautiful Monte Carlo! #ğŸ‘ #ğŸ”› #heretocreate
2018-04-17_17-35-07_UTC.txt,Really happy with my first round win against an amazing player and friend! @andreyrublev #comeback #ğŸ’ª #ğŸ” #heretocreate
2018-04-19_17-10-03_UTC.txt,What a match today. Really happy with my win against one of the greatest! @djokernole Tomorrow is the next one waiting. #ğŸ’ª #ğŸ‘Š #letsgo #heretocreate
2018-04-21_18-08-42_UTC.txt,Just arrived in beautiful Barcelona! #ğŸ‡ªğŸ‡¸ #ğŸ’¯ #â˜€ï¸
2018-04-23_18-13-57_UTC.txt,Trying to be a DJ!ğŸ§ I really enjoyed the players party in Barcelona! #R.I.P. Avicii #lovethecity #heretocreate
2018-04-25_17-23-52_UTC.txt,Celebrating my second round win in Barcelona with my new Adidas Alphabounce!ğŸƒğŸ»â€â™‚ï¸ #barcelonaâ¤ï¸ #alphabounce #runthegame #heretocreate
2018-04-27_17-24-02_UTC.txt,Days like this happen... Next week Madrid! #keepongoing #ğŸ‡ªğŸ‡¸â¤ï¸ #heretocreate
2018-04-29_17-05-24_UTC.txt,Day off in Vienna! Have a nice Sunday!â˜€ï¸ #viennaâ¤ï¸ #segwayğŸ˜ #heretocreate @sebastianbeutel @moritzthiem
2018-05-01_17-37-41_UTC.txt,Match day in my second favourite sport! But today just as a coach! #soccerâš½ï¸ #2:0 #ğŸ’ª #heretocreate
2018-05-03_16-47-23_UTC.txt,On my way to Madrid! ğŸ‘ Good memories from 2017! ğŸ¾ğŸ’ª @mutuamadridopen #heretocreate #cajamagica
2018-05-05_17-39-07_UTC.txt,One of the best tournaments! Players Party with two legends! @mutuamadridopen #ğŸ•´ #âœ”ï¸ #heretocreate
2018-05-07_18-22-21_UTC.txt,Had a nice doubles match today but now focus on my singles match on Wednesday! #ğŸ’ª #ğŸ‡ªğŸ‡¸ #heretocreate
2018-05-09_16-45-40_UTC.txt,Getting ready for my first match in Madrid! #ğŸ’ª #ğŸ‘ #heretocreate
2018-05-11_17-41-11_UTC.txt,What a match against one of the greatest players ever!ğŸ¾ @rafaelnadal So happy with my win! Letâ€™s go on!ğŸ’ª And after a great game letâ€™s get a nice dinner at the Do&Co buffet!ğŸ½ They way how they treat us here in Madrid is a different league! Thanks to Willy Hohenwarter and his team! #ğŸ‘ #ğŸ¾ #ğŸ‡ªğŸ‡¸ #heretocreate
2018-05-13_19-06-18_UTC.txt,Unfortunately I couldnâ€™t play my best tennis today! But I fly with positive memories to Rome!ğŸ‡®ğŸ‡¹ Congrats to @alexzverev123 #byemadridğŸ‡ªğŸ‡¸ #gracias #heretocreate
2018-05-15_17-42-03_UTC.txt,I met a special guest today at the @internazionalibnlditalia One of the greatest singer in the world! @andreabocelliofficial Looking forward to my first round match on Wednesday! #ğŸ‡®ğŸ‡¹ #ğŸ¼ #andreabocelli #heretocreate
2018-05-17_17-04-46_UTC.txt,Was great fun playing doubles with @steviej345 ğŸ¾ Next week Lyon ğŸ’ª #heretocreate #byeromeğŸ‡®ğŸ‡¹
2018-05-19_15-43-38_UTC.txt,Enjoying the best city in the world!â¤ï¸ Next week Lyon is calling!ğŸ’ª #ğŸ‡¦ğŸ‡¹ #ğŸ‡«ğŸ‡· #âœˆï¸ #ğŸ¾ #heretocreate
2018-05-21_16-10-35_UTC.txt,Letâ€™s get ready for Lyon!ğŸ’ª Who is coming to watch the tournament?âœ”ï¸ #lyonğŸ‡«ğŸ‡· #ğŸ¾ #ğŸ‘Š #heretocreate
2018-05-23_16-42-41_UTC.txt,Today I had the opportunity to find out from where my rackets are coming!ğŸ¾ @babolat is doing a great job!ğŸ‘ Looking forward to my second round tomorrow!ğŸ‘Š #strike #babolat #ğŸ‡«ğŸ‡· #heretocreate
2018-05-25_17-09-44_UTC.txt,Really happy with my win today!ğŸ’ª Ready for the final!ğŸ‘Š #lyonğŸ‡«ğŸ‡· #finals #heretocreate
2018-05-27_16-11-21_UTC.txt,"Iâ€™m very happy about my 10th title, but now full focus on Roland Garros! #10thtitle #bamosğŸ’ª #ğŸ‡«ğŸ‡·â¤ï¸ #heretocreate #babolat"
2018-05-28_10-43-05_UTC.txt,We donâ€™t do routine. @adidastennis #HereToCreate #createdwithadidas #RG18
2018-05-29_16-25-40_UTC.txt,Thank you Adidas for making again and again great shoes! #solarboost #running #run #3stripesstyle #giftedbyadidas @adidas_de #heretocreate
2018-05-31_16-41-18_UTC.txt,Into the 3rd round of the French Open!ğŸ’ª Was a great match!ğŸ¾ #3rd #letsgo #heretocreate #4ocean
2018-06-02_16-49-58_UTC.txt,Enjoying the evening in Paris before a tough 4th round battle! ğŸ‘ğŸ¾ #parisğŸ‡«ğŸ‡· #4th #ğŸ’ª #heretocreate #4ocean
2018-06-04_16-07-53_UTC.txt,Mediamarathon! ğŸ¥ğŸ¬ğŸ¤ #rolandgarros #rg18 #paris #press #mediaday #heretocreate #4ocean
2018-06-06_15-24-15_UTC.txt,Some practice before a tough semifinal on Friday! Ready for it! #serve #ğŸ¾ #semis #heretocreate #4ocean
2018-06-08_16-41-11_UTC.txt,So happy to be in the final! Was a nice but also tough match today! Congrats to @ceck1 for an amazing tournament! But now full focus on Sunday! #final #parisğŸ‡«ğŸ‡· #rg18 #ğŸ’ª #heretocreate #4ocean
2018-06-10_18-16-24_UTC.txt,It wasnâ€™t the result I wanted but Iâ€™m still very happy to reach the finals! I want to thank everybody who supported me today and I will give my best to come back even stronger next year! Congrats to @rafaelnadal for the11th title. Itâ€™s amazing what you have achieved! #parisğŸ‡«ğŸ‡·â¤ï¸ #seeunextyear #400kğŸ’ª #ğŸ”œğŸŒ± #heretocreate #4ocean #wwf_austria
2018-06-12_17-05-37_UTC.txt,Time for some loopings! First day off after two hard weeks! Enjoying the nice day with even nicer people!â¤ï¸ My stomach is still feeling a little bit strange after all these rollercoaster!ğŸ˜…ğŸ˜‚ #ğŸ‡«ğŸ‡· #ğŸ¢ #parcasterix #heretocreate #4ocean
2018-06-14_16-06-16_UTC.txt,Enjoying some days at home! Really looking forward to the worldcup âš½ï¸ğŸŒ #home #worldcup #heretocreate #4ocean
2018-06-16_16-28-50_UTC.txt,"No doublepartners this year, sharing the bench tho ğŸŒ±ğŸ¾ #halle #heretocreate #4ocean"
2018-06-18_18-29-33_UTC.txt,Good start into the grass season ğŸ’ªğŸ¾ğŸŒ± #gerryweberopen #grass #heretocreate #4ocean
2018-06-20_18-01-08_UTC.txt,Tough loss today but congrats Yuichi Sugita for a really good match! Letâ€™s use the last days before Wimbledon for some more practice to be fully prepared! #letsgoon #wimbledonğŸ‡¬ğŸ‡§ #heretocreate #4ocean
2018-06-22_16-05-16_UTC.txt,Meeting one of my favourite german bands #revolverheld #heretocreate #4ocean
2018-06-24_17-10-14_UTC.txt,Had some good days in Mallorca! Now Iâ€™m recharged and ready for Wimbledon ğŸŒ±ğŸ¾ #vacation #heretocreate #4ocean
2018-06-26_20-04-10_UTC.txt,Gewinne gemeinsam mit KIA Ã–sterreich ein Treffen mit mir in KitzbÃ¼hel. Auf fanfoto.at gehen und ein Selfie von euch hochladen :) Viel GlÃ¼ck und viel SpaÃŸ beim mitmachen ğŸ¾
2018-06-28_16-25-19_UTC.txt,I always have a nice time on and off the court with one of my best friends! Congrats for main draw! ğŸ’ª @dennisnovi First practice here in Wimbledon was good and Iâ€™m really looking forward to my first round!ğŸ‘Š Check out my special @babolat tennis bag for Wimbledon! ğŸ‘Œ #ğŸŒ± #ğŸ‡¬ğŸ‡§ #gettingready #heretocreate #4ocean
2018-06-30_16-11-04_UTC.txt,The art of flying. ğŸ¦…ğŸ•´ #wimbledon2018 #heretocreate #4ocean
2018-07-02_17-39-30_UTC.txt,I love my new Babolat collection for Wimbledon! We live for this. ğŸ¾ğŸŒ± Ready for my first round!ğŸ’ª Congrats @dennisnovi !ğŸ‘ #playtobewild @babolat @wimbledon #heretocreate #4ocean
2018-07-04_16-36-09_UTC.txt,"Not the way I wanted to finish my grass season 2018 but my back was hurting to much to continue! Letâ€™s see what the doctor gonna say tomorrow, anyway I will rest for some time until Iâ€™m ready to come back even stronger! Congrats @dennisnovi for an incredible win today!ğŸ’ª Good luck @kristinamladenovic93 for your 2nd round!ğŸ˜˜ #byelondonğŸ‡¬ğŸ‡§ #helloaustriağŸ‡¦ğŸ‡¹ #heretocreate #4ocean"
2018-07-06_14-23-30_UTC.txt,Good luck my love!â¤ï¸ Iâ€™m enjoying every second with you! And good luck @dennisnovi for you 3rd round!ğŸ’ª #heretocreate #4ocean @cocodubreuil
2018-07-08_17-42-40_UTC.txt,Thereâ€™s too much plastic in our oceans! Time to change something! ğŸŒŠ ğŸŒ #adidasparley #ultraboost #zne #giftedbyadidas #heretocreate #4ocean
2018-07-09_15-18-34_UTC.txt,Most people conform. We create. The @adidastennis Rule no.9 collection. #createdwithadidas
2018-07-10_17-20-51_UTC.txt,Enjoying holidays! ğŸŒŠğŸ ğŸ¦ˆâ˜€ï¸ #loveit #heretocreate #4ocean
2018-07-12_15-12-13_UTC.txt,Some things never change...
2018-07-13_13-57-55_UTC.txt,Most people conform. We create. The @adidastennis Rule no.9 collection. #createdwithadidas
2018-07-15_18-51-01_UTC.txt,"Last day here in paradise!ğŸŒŠâ˜€ï¸ Tomorrow Iâ€™m getting back to work, to be ready for Hamburg!ğŸ‘ My back is fully recovered and Iâ€™m looking forward to the next tournaments!ğŸ’ª #holidaysover #hamburg #heretocreate #4ocean"
2018-07-17_16-21-55_UTC.txt,What a nice event!ğŸ‘ I really enjoyed it!ğŸ˜ƒ Vielen Dank nochmal fÃ¼r alles! Ready for Hamburg!ğŸ’ª #wÃ¶rschach #Adidas #heretocreate #4ocean
2018-07-19_16-09-58_UTC.txt,Soon I need my second arm for the @4ocean bracelets ğŸ’™ ğŸŒŠ ğŸ³ ğŸ¢ ğŸ¦ˆ #heretocreate #4ocean
2018-07-21_15-59-27_UTC.txt,Such a nice team here in Mannheim! ğŸ¾ #bundesliga #germany #heretocreate #4ocean
2018-07-23_14-07-49_UTC.txt,Last practice before the tournament! Sunny hot Hamburg! â˜€ï¸ğŸ”¥ğŸ‡©ğŸ‡ª #atp500 #heretocreate #4ocean
2018-07-25_19-51-21_UTC.txt,Players partyğŸ¥‚ Met some very nice people today!ğŸ•´ Looking forward to my match tomorrow! #hamburg #heretocreate #4ocean
2018-07-27_18-05-50_UTC.txt,Tough day in the office! Well played @nicojarry Time to get ready for KitzbÃ¼hel! ğŸ‡¦ğŸ‡¹ #byehamburg #hellokitz #heretocreate #4ocean
2018-07-29_18-03-50_UTC.txt,"Tough practice here in KitzbÃ¼hel! ğŸ¾ My first round will be on Wednesday, so there is some more time to get used to the altitude here in the mountains!ğŸ‘ğŸ” #kitz #heretocreate #4ocean"
2018-07-31_17-54-42_UTC.txt,"Happy with my doubles win today, but the day wasnâ€˜t perfect as you can see! ğŸ˜‰ Credits to @moritzthiem What was your cool down activity @dennisnovi ? ğŸ‘±ğŸ»â€â™‚ï¸ #kitz #generaliopen #heretocreate #4ocean"
2018-08-02_16-17-01_UTC.txt,"Thank you everybody for the amazing support yesterday ! Iâ€™m still flashed and unbelievable happy about that ! â¤ It was an amazing match with the better end for @martinklizan_official ! Credits to him ! ğŸ‘ It wasnâ€™t the result I wanted in front of my home crowd but I will come back even stronger ! ğŸ‘Š I also want to apologise to @dennisnovi and every one else, that I retired from doubles ! ğŸ˜” I got pain in my shoulder some days ago and I have to prevent any further damage. I will rest some days in Toronto to be fully prepared for the next tournament ! ğŸ’ª #byekitzbuhel #hellotoronto #heretocreate #4ocean"
2018-08-04_23-12-15_UTC.txt,Hopefully one day you are mine ! ğŸ† #toronto #hardcourt #heretocreate #4ocean
2018-08-06_22-04-52_UTC.txt,Montreal â€”> Toronto â€”> ğŸ¾â¤ #canada #atp1000 #heretocreate #4ocean
2018-08-08_17-15-55_UTC.txt,Rainy day here in Toronto ! ğŸŒ§â˜”ï¸ Waiting for my match like ... #rainy #heretocreate #4ocean
2018-08-09_14-01-09_UTC.txt,Ready to take NYC by storm âš¡ #createdwithadidas #HereToCreate #Barricade
2018-08-11_19-02-41_UTC.txt,Having some fun before practice ! âœ Always nice games here in Cincinnati ! ğŸ® #america #atp1000 #heretocreate #4ocean
2018-08-13_18-42-49_UTC.txt,Gratuliere zum deutschen Meistertitel ! âœ #mannheim #tennisbundesliga #germany
2018-08-15_19-26-18_UTC.txt,"It was a fun day with @m.arnautovic7, @dennisnovi and @westham ğŸ¾âš½ï¸ #heretocreate #4ocean"
2018-08-18_16-31-06_UTC.txt,On our way to New York ! âœˆï¸ Iâ€™m feeling better and I hope that I will be ready for the US Open ! ğŸ¾ğŸ’™ #newyork #heretocreate #4ocean
2018-08-20_14-04-15_UTC.txt,Bringing our creativity to the Big Apple. @adidastennis #createdwithadidas #HereToCreate
2018-08-22_19-32-35_UTC.txt,Great to get the opportunity to practice in such a nice academy ! ğŸ¾ğŸ™ Always great pleasure to meet you ! ğŸ‘ğŸ¤ #johnmcenroetennisacademy #usopen #heretocreate #4ocean
2018-08-24_16-47-10_UTC.txt,Enjoying one of the best cityâ€™s in the world ! ğŸ™ğŸ’¯ #usopen2018 #heretocreate #4ocean
2018-08-26_16-09-44_UTC.txt,Last day practice before one of the biggest highlights of the year starts ! ğŸ”â˜‘ï¸ #usopen2018 #heretocreate #4ocean
2018-08-28_14-32-16_UTC.txt,Happy birthday and best of luck to this guy ! ğŸ‰ğŸ‚ğŸ’ª #birthdayboy #heretocreate #4ocean
2018-08-30_15-39-05_UTC.txt,"Great match yesterday against an amazing opponent, under big heat and under a great atmosphere ! ğŸ”ğŸ’ª #usopen2018 #bigfight #bamos #heretocreate #4ocean"
2018-09-01_13-18-23_UTC.txt,Great match yesterday against @taylor_fritz ! ğŸ”ğŸ¾ #grandstand #bamos #usopen2018 #heretocreate #4ocean
2018-09-01_17-10-20_UTC.txt,Improving my skills on my day off ! ğŸ¾âš½ Do you like it @filipeluis ? ğŸ˜ƒ #footballtennis #readyfortomorrow #usopen2018 #heretocreate #4ocean
2018-09-02_20-19-15_UTC.txt,Amazing to reach the first quarterfinal outside @rolandgarros ! ğŸ™Œ I love the amazing atmosphere here in New York ! ğŸ—½ğŸ’™ #whatawin #usopen2018 #birthdaysoon #heretocreate #4ocean
2018-09-05_07-47-14_UTC.txt,What a great experience and epic match under lights in New York ! ğŸ—½ğŸ™ Congrats @rafaelnadal for an incredible match and good luck for the semifinals ! ğŸ’¥ğŸ€ #usopen #seeyounextyear #bigmatch #heretocreate #4ocean
2018-09-06_17-05-04_UTC.txt,I had also a great time off the court with my favourites ! ğŸ™Œ Lucky to have you all ! â¤ï¸ #friendship #kikiâ¤ï¸ #lastday #heretocreate #4ocean
2018-09-08_17-46-00_UTC.txt,Birthday dinner with the family in one of my favourite restaurants ! ğŸ½ğŸ–¤ #tianwien #family #daviscupğŸ”œ #heretocreate #4ocean
2018-09-10_16-06-39_UTC.txt,Press conference in the Vienna opera for the @erstebankopen ! ğŸ¤ğŸ¾ One of the most beautiful buildings in the world @wienerstaatsoper ! ğŸ‡¦ğŸ‡¹ #vienna #bestcity #stadthalle #heretocreate #4ocean
2018-09-12_16-03-36_UTC.txt,The wolf has found its habitat in Austria ! ğŸºğŸ‡¦ğŸ‡¹ If we all work together and act jointly we will definitely both succeed in living together peacefully ! ğŸ™Œ #wwfat #wolf #austria #herdenschutzhund #4ocean @wwf_austria
2018-09-14_17-01-53_UTC.txt,What an amazing first day here at @daviscuptennis ! ğŸ‡¦ğŸ‡¹ğŸ¾ #daviscup #autvsaus #messegraz #heretocreate #4ocean
2018-09-16_17-08-28_UTC.txt,What an unbelievable week here in Graz ! ğŸ¾ğŸ’ª Such a nice atmosphere and experience ! ğŸ™ŒğŸ‘ Really enjoyed it and happy that i have such an awesome team ! â¤ï¸ğŸ” We are back in the world group ! ğŸ‡¦ğŸ‡¹ğŸ‘Š #worldgroup #daviscup #messegraz #heretocreate #4ocean
2018-09-18_18-06-02_UTC.txt,One of the nicer cityâ€™s out there ! ğŸ‡·ğŸ‡º What a view on the boat with @karenkhachanov ! ğŸ•¶ğŸ‘€ #stpetersburgopen #boatride #russia #heretocreate #4ocean
2018-09-20_20-11-04_UTC.txt,"Tough, but good match against a nice friend ! @jlstruff Happy to be in the quarters ! ğŸ¾ #formulatx #siburarena #spbopen #heretocreate #4ocean"
2018-09-21_18-58-04_UTC.txt,Great win today against a strong player ! ğŸ™Œ @medwed33 Now itâ€™s time for a good recovery to be ready for tomorrow ! ğŸ½ğŸ˜´ #stpetersburg #semis #bamos #heretocreate #4ocean
2018-09-23_12-08-34_UTC.txt,Trying to look not too bad next to the king of skills @stef_bojic ğŸ¾ Who is ready to challenge us? #trickshotchallenge
2018-09-23_17-25-07_UTC.txt,"Ğ¡Ğ¿Ğ°ÑĞ¸Ğ±Ğ¾, Ğ¡Ğ°Ğ½ĞºÑ‚-ĞŸĞµÑ‚ĞµÑ€Ğ±ÑƒÑ€Ğ³ Thanks, St. Petersburg ! ğŸ†ğŸ¾ #11"
2018-09-25_16-08-54_UTC.txt,I took a great risk today and gave my instagram account to my brother ! ğŸ˜ƒ He will make a takeover tomorrow and will give you an interesting view to the world of tennis ! ğŸ¾ğŸŒ #futuretennis #itf #atp #heretocreate #4ocean
2018-09-27_17-15-41_UTC.txt,Thanks a lot to every single one of my followers ! 5âƒ£0âƒ£0âƒ£ â¤ Letâ€˜s go for one million ! ğŸ’ªğŸ‘Š #500k #thanksalot #youarethebest #heretocreate #4ocean
2018-09-28_17-30-09_UTC.txt,There are great news coming tomorrow ! ğŸ”œğŸ‘€ #redbull #redbullcola #greatnews #heretocreate #4ocean
2018-09-30_17-16-58_UTC.txt,Always nice spending time with this guy ! ğŸ¶â¤ #hugo #bestdog #animallover #heretocreate #4ocean
2018-10-02_15-01-32_UTC.txt,Home sweet home ! ğŸ˜ #austria #lab #walk #heretocreate #4ocean
2018-10-03_11-13-33_UTC.txt,I had a nice day in Salzburg ! ğŸ‡¦ğŸ‡¹ğŸ” Proud to be part of the family ! ğŸ‚ #verleihtflÃ¼gel #salzburg #heretocreate #4ocean
2018-10-05_17-49-58_UTC.txt,First practice in Shanghai ! ğŸ‘ğŸ‡¨ğŸ‡³ Happy to be back ! ğŸ¾ğŸœ #atp1000 #shanghai #china #heretocreate #4ocean
2018-10-07_14-57-12_UTC.txt,One of the walls here at the @rolexshmasters ! ğŸ˜ŠğŸ“¸ #shanghai #atpworldtour #bamos #heretocreate #4ocean
2018-10-09_15-10-30_UTC.txt,Tough day today but congrats to @matt_ebden ! ğŸ¤ğŸ‘ Now focus on doubles and then soon Vienna ! ğŸ‘ŠğŸ’¥ #shanghai #doubles #letsgo #heretocreate #4ocean
2018-10-11_16-59-54_UTC.txt,Thank you Shanghai for another amazing experience ! ğŸ‘ğŸ˜ƒ I will be back next year ! ğŸ”œğŸ”™ #shanghai #bamos #vienna #heretocreate #4ocean
2018-10-13_17-38-09_UTC.txt,"I really enjoy the nature in beautiful Austria ! ğŸ‡¦ğŸ‡¹ğŸ‚ğŸƒ Even nicer with my love, friends and dog ! â¤ğŸ¶ #hohewand #hiking #friends #heretocreate #4ocean"
2018-10-15_18-52-32_UTC.txt,Had a perfect dinner with the best bank in the world ! ğŸ‡¦ğŸ‡¹ Letâ€™s get ready for Vienna ! ğŸ”œğŸ‘Š #bankaustria #vienna #bamos #heretocreate #4ocean
2018-10-18_17-03-05_UTC.txt,First practice at the @erstebankopen ! ğŸ‡¦ğŸ‡¹ Looking forward to my first round match on tuesday ! ğŸ’ª Who will be there to cheer for me ? ğŸ¤— #vienna #stadthalle #atp500 #heretocreate #4ocean
2018-10-20_18-32-35_UTC.txt,Good practice today with my dad ! ğŸ˜ƒ Looking forward to play in front of my home crowd ! ğŸ‡¦ğŸ‡¹ğŸ’ª #stadthalle #vienna #atp500 #heretocreate #4ocean
2018-10-22_17-13-14_UTC.txt,Had a nice talk with a real legend today at the kidsday @erstebankopen ! ğŸ¾ğŸ™ #atp500 #muster #heretocreate #4ocean
2018-10-24_17-43-19_UTC.txt,"Good first round yesterday, canâ€™t wait for tomorrow ! ğŸ’ªğŸ‘Š #vienna #atp500 #stadthalle #heretocreate #4ocean"
2018-10-25_17-19-02_UTC.txt,So happy to be in the quarterfinals ! ğŸ‘Š Canâ€™t wait for the next round tomorrow  here in Vienna ! ğŸ‡¦ğŸ‡¹ğŸ”œ #quarters #vienna #atp500 #stadthalle #heretocreate #4ocean
2018-10-27_17-02-41_UTC.txt,Was again a really nice week in Vienna ! â¤ğŸ‡¦ğŸ‡¹ Thanks to everybody for the amazing support ! ğŸ‘ğŸ‘Š Congrats to @keinishikori for a really good performance ! ğŸ‘ Really looking forward already to next year ! ğŸ˜ƒ #vienna #stadthalle #atp500 #heretocreate #4ocean
2018-10-29_17-52-12_UTC.txt,Ready for the @rolexparismasters ! ğŸ‡«ğŸ‡· Really happy to be back in Paris ! ğŸ—¼ Special thanks to the photographer ! ğŸ“¸ @cocodubreuil #rolexparismasters #atp1000 #paris #heretocreate #4ocean
2018-10-31_17-12-40_UTC.txt,Iâ€™m very proud and happy to be part of the babolat family for another long time ! ğŸ‡«ğŸ‡·ğŸ¤@babolat #babolat #tennisrackets #strings #heretocreate #4ocean
2018-11-02_18-43-46_UTC.txt,A dream coming true ! ğŸ’¥ğŸ¾ Reaching my first masters semifinals on hard court ! ğŸ’ª #paris #atp1000 #bamos #heretocreate #4ocean
2018-11-04_17-29-25_UTC.txt,"Good week in Paris, now Iâ€™m looking forward so much to the #NittoATPFinals ! ğŸ”œğŸ¡ğŸ‡¬ğŸ‡§ @theo2london #london #atpfinals #heretocreate #4ocean"
2018-11-06_17-36-04_UTC.txt,Last practice days before the big finals ! ğŸ’ªğŸ‡¬ğŸ‡§ #NittoATPFinals #london #soon #heretocreate #4ocean
2018-11-08_18-20-52_UTC.txt,Completely ready for my flight to London ! âœˆï¸ğŸ‡¬ğŸ‡§ #london #NittoATPFinals #o2 #heretocreate #4ocean
2018-11-10_18-01-41_UTC.txt,Good company at the official gala of the #NittoATPFinals ! ğŸ‡¬ğŸ‡§ Last day of practice came to an end and Iâ€™m ready for tomorrow ! ğŸ’ª #london #finals #bamos #heretocreate #4ocean
2018-11-12_17-46-29_UTC.txt,A dream come true yesterday when I met these worldclass players ! ğŸ˜ I really enjoyed it with you guys ! ğŸ˜ƒ #london #nittoatpfinals #heretocreate #4ocean @chelseafc @atleticodemadrid
2018-11-14_18-02-14_UTC.txt,Sometimes there are bad days at the office... ! Tomorrow I will give my best again ! ğŸ‘ğŸ‘Š #london #NittoATPFinals #bamos #heretocreate #4ocean
2018-11-16_17-46-42_UTC.txt,"Yesterday another great season, with amazing highlights came to an end ! â˜ğŸ™Œ Iâ€™m happy to rest a little bit now but I canâ€™t wait for 2019 to start ! ğŸ”œâœ” Iâ€™m really thankful for all your support, you are the best ! ğŸ‘ŠğŸ˜ƒ #vacation #2018 #2019 #preparation #heretocreate #4ocean"
2018-11-18_17-26-49_UTC.txt,"Maybe I didnâ€™t go all the way in the tournament, but certain things still make me so happy ! ğŸ™ŒğŸ‡§ğŸ‡·ğŸ˜ƒ Thanks so much ! ğŸ‘ @filipeluis @neymarjr @willianborges88 #london #brasil #vacation #heretocreate #4ocean"
2018-11-20_18-04-53_UTC.txt,Enjoying and recharging in paradise ! ğŸ•¶ğŸ â˜€ï¸ #vacation #2018 #relax #heretocreate #4ocean
2018-11-22_17-41-57_UTC.txt,Staying sporty even in paradise ! â˜€ï¸ğŸ•¶ It was not my idea ! ğŸ™ˆğŸ‘±ğŸ»â€â™€ï¸ #bicycle #vacation #2018 #4ocean
2018-11-24_17-30-07_UTC.txt,Last couple of days with my love ! ğŸ™„ #paradise #vacation #2018 #4ocean
2018-11-26_17-43-00_UTC.txt,I had such a great time here on the Maldives ! ğŸ‡²ğŸ‡» â˜€ï¸ğŸŒŠ Thank you @stregismaldives for one of the best experiences ! ğŸ‘ğŸ¤™ #vacation #2018 #4ocean
2018-11-28_17-54-37_UTC.txt,"Back to practice, preseason has started, my 2019 starts now ! ğŸ’ªğŸ¾ğŸ‹ï¸â€â™‚ï¸ğŸ‘Š #preseason #2019 #letsgetready #heretocreate #4ocean"
2018-11-30_17-18-44_UTC.txt,Reading and admiring this amazing book ( BORN TO ICE ) of @paulnicklen ! ğŸŒğŸ™Œ Unbelievable captures of our beautiful planet earth ! ğŸ‹ğŸ¦ #planet #nature #paulnicklen
2018-12-02_18-00-31_UTC.txt,First practice day in tenerife done âœ… We are all pumped for the next 3 weeks ğŸ’ª #tenerife #preseason #heretocreate #4ocean
2018-12-04_16-31-26_UTC.txt,Nice fitness session today ğŸ’ª what do you think about my telemark ? @gregorschlierenzauer  #preseason #tenerifesur #heretocreate #4ocean
2018-12-06_17-25-59_UTC.txt,Gracias @kia.canarias for providing me this beauty for my preseason in Tenerife ! ğŸš˜ â˜€ï¸ #kiamotors #preseason #heretocreate #4ocean
2018-12-07_16-04-46_UTC.txt,"Looking forward to Rio, where I will try to regain my title ! ğŸ‘ğŸ’ª Obrigado ğŸ‡§ğŸ‡· ğŸ™ŒğŸ‘ #riodejaneiro #brasil #heretocreate #4ocean"
2018-12-09_17-07-51_UTC.txt,Iâ€˜m already really looking forward to the first tournament of the new season. Itâ€˜s taking place from Dec 27-29. Guess where it is? #preseason #tenerife #heretocreate #4ocean
2018-12-11_14-00-31_UTC.txt,"The cans are flying :) Some days, my serve is working acceptable ğŸ˜ƒ #twooutofthree #preseason #heretocreate #4ocean"
2018-12-13_16-16-05_UTC.txt,2019 is coming ! ğŸ’ª Preseason is going well ! ğŸ”œğŸ”™ #tenerife #youtube #givesyouwings #heretocreate #4ocean
2018-12-14_16-37-34_UTC.txt,"Last year was amazing! Happy to be coming back to @MubadalaTennis this year to play. Watch out guys, Iâ€™m bringing my A game! #MWTC #AhlanThiem"
2018-12-15_15-24-06_UTC.txt,I was missing one ball so I had to improvise...ğŸ¾ #preseason #tenerife #heretocreate #givesyouwings #4ocean
2018-12-17_15-55-10_UTC.txt,This amazing squad makes tough practices little bit easier ! ğŸ’ªğŸ¾ #preseason #tenerife #heretocreate #givesyouwings #4ocean
2018-12-19_13-58-37_UTC.txt,Always great practices with @joaosousaoficial ! ğŸ’ªğŸ¾ #preseason #tenerife #givesyouwings #heretocreate #4ocean
2018-12-20_14-33-52_UTC.txt,Iâ€˜ve saved my best trickshot until the very end of the year âœ¨âš½ï¸ğŸ¾ #tennis #trickshot #hotshot #skills #heretocreate #givesyouwings #tenerife #preseason
2018-12-21_15-25-33_UTC.txt,Packed up my gear and ready for @mubadalatennis. See you all in Abu Dhabi Dec 27-29. #MWTC #AhlanThiem
2018-12-23_17-54-40_UTC.txt,Do you guys think that Iâ€™m ready for 2019 ? âœ¨ ğŸ¾ #ready #christmas #givesyouwings #heretocreate #4ocean
2018-12-24_18-56-44_UTC.txt,Merry Christmas ğŸ„
2018-12-26_13-52-29_UTC.txt,I had a very nice day with my love !â¤ï¸ Tomorrow the season gets officially started ğŸ¾ ğŸ™Œ #season2019 #heretocreate #4ocean
2018-12-28_17-44-12_UTC.txt,Standing in front of the oldest building in Abu Dhabi ! ğŸŒƒ #abudhabi #sightseeing #heretocreate #4ocean
2018-12-30_17-22-12_UTC.txt,Enjoying the players party in Doha with amazing company ! ğŸ˜ #startoftheyear #givesyouwings #heretocreate #4ocean
2019-01-01_17-08-09_UTC.txt,Ready for 2019 ! ğŸ¾ğŸ’ª #doha #2019 #heretocreate #4ocean
2019-01-04_09-02-16_UTC.txt,Australian Open 2019 are starting soon ğŸ¾ ğŸ‡¦ğŸ‡º I canâ€˜t wait for it ğŸ’ª #tb2017 #ausopen #heretocreate #givesyouwings #4ocean
2019-01-04_19-35-58_UTC.txt,@adidastennis and @parley.tv turns threat into thread and plastic waste into performance sportswear. Join the movement!  #HereToCreate #adidasParley  #createdwithadidas #4ocean
2019-01-10_10-10-58_UTC.txt,My practices at the @australianopen are underway ğŸ¾ğŸ‡¦ğŸ‡º Check it out on my YouTube channel ! ğŸ¥ #australianopen #melbournepark #heretocreate #givesyouwings #4ocean
2019-01-11_10-49-57_UTC.txt,A great man in all terms ! @andymurray #murray #legend
2019-01-12_07-39-40_UTC.txt,The new @Adidas tennis x @parley.tv collection is created from intercepted and up-cycled plastic waste. #HereToCreate #adidasParley #createdwithadidas #4ocean
2019-01-14_08-41-06_UTC.txt,Ready for the Australian Open ğŸ¾ Ready to play in my new @adidastennis x @parley.tv collection for our oceans ğŸ’™ğŸŒŠ #heretocreate #createdwithadidas #lovetheocean #4ocean
2019-01-15_16-20-11_UTC.txt,Amazing Grand Slam battle against a great guy and great player ! @benpaire #heretocreate #createdwithadidas #givesyouwings #4ocean
2019-01-22_16-16-00_UTC.txt,See you next year ! @australianopen #createdwithadidas #givesyouwings #4ocean #parley
2019-02-07_15-59-48_UTC.txt,Had a nice shooting with @kiamotorsaustria in Vienna ğŸ‡¦ğŸ‡¹ Now Iâ€™m on the way to Buenos Aires ğŸ‡¦ğŸ‡· âœˆï¸ #vienna #buenosaires #givesyouwings #4ocean
2019-02-11_02-32-05_UTC.txt,Thanks for an amazing tournament activity today for a very important cause ! And to all my fans from Buenos Aires: please adopt one of the lovely dogs from @flojitosdepapeles and give them a great deserved home â¤ï¸ #loveanimals #homefordogs #4ocean
2019-02-12_18-53-50_UTC.txt,@argentinaopenatp starting today ğŸ¾ Doubles with @dieschwartzman ğŸ’ª #buenosaires #dybala #createdwithadidas #4ocean
2019-02-18_16-15-46_UTC.txt,Looking forward a lot to compete at the @rioopenoficial from tomorrow on ğŸ¾ğŸ’ª #riodejaneiro #sugarloaf #createdwithadidas #4ocean
2019-02-23_19-52-10_UTC.txt,After some good and hot practice days in Rio itâ€™s time to leave to Indian Wells â˜€ï¸ ğŸ¾ Thank you @rioopenoficial and I really hope to see all of you next year ğŸ˜Š #riodejaneiro #sauna #createdwithadidas #4ocean
2019-02-26_21-51-47_UTC.txt,Good practice today with @yannick_maden ğŸ¾ğŸ’ª @bnpparibasopen #indianwells #createdwithadidas #4ocean #parley
2019-03-01_06-40-19_UTC.txt,Love running in my new #ultraboost @adidasrunning Returns energy like no other! #createdwithadidas
2019-03-03_21-33-32_UTC.txt,Ready for @bnpparibasopen in Indian Wells :) Iâ€™m practicing here since Monday with my touring coach Nicolas Massu. The practice is good and fun :) after Miami we decide whatâ€™s gonna happen after :)
2019-03-04_21-29-36_UTC.txt,I hope all of you are coming out tomorrow to the @tiebreaktens in Indian Wells ğŸ¾ğŸ’ª #tiebreaktens #tb10 #indianwells
2019-03-08_07-00-45_UTC.txt,Having a good time with some great guys ğŸ˜Š @bnpparibasopen #indianwells #tennisparadise #createdwithadidas #4ocean
2019-03-12_05-02-26_UTC.txt,Great match today at the @bnpparibasopen ğŸ¾ğŸ˜Š I canâ€™t wait for the next one ! #indianwells #masters1000 #createdwithadidas #4ocean
2019-03-16_21-07-12_UTC.txt,Finals tomorrow @bnpparibasopen ğŸ˜ğŸ’ªğŸ¾ #indianwells #masters1000 #createdwithadidas #4ocean #playfortheocean
2019-03-18_06-53-42_UTC.txt,Just amazing ğŸ† #indianwells #12 #createdwithadidas  #4ocean
2019-03-20_18-49-18_UTC.txt,Always a pleasure with @dieschwartzman ğŸ˜ğŸ¾ğŸ’ª #hardrockstadium #createdwithadidas #4ocean
2019-03-24_18-10-05_UTC.txt,"Despite the early loss at @miamiopen, I still leave to Europe with very positive feelings :) See you all next year ğŸ˜Š #miami #createdwithadidas #4ocean #givesyouwings"
2019-03-29_13-29-47_UTC.txt,Throwback to an amazing journey last month ğŸ˜ğŸ¾ #playfortheocean #createdwithadidas #4ocean
2019-03-30_17-21-58_UTC.txt,Austria or Maldives ? ğŸŒ…â˜€ï¸ğŸŒŠ #sunset #austria #maldives #4ocean
2019-04-04_15-06-53_UTC.txt,CLAY SEASON IS CALLING! ğŸ‡²ğŸ‡¨ ğŸ‡ªğŸ‡¸ ğŸ‡®ğŸ‡¹ ğŸ‡«ğŸ‡· Have you already seen my new Youtube video? Go check it out - link in bio!
2019-04-08_17-03-19_UTC.txt,A little video about my fitness practice with @duglas_fitness_coach over the last weeks ğŸ˜ŠğŸ’ª With the championship point in Indian Wells ğŸ†ğŸ¾ #fitness #indianwells #createdwithadidas #4ocean
2019-04-12_16-03-31_UTC.txt,@rolexmontecarlomasters 2019 ğŸ¾ ğŸ“¸ @max.foidl #montecarlo #createdwithadidas #givesyouwings #4ocean
2019-04-15_15-54-09_UTC.txt,Highlight from yesterdayâ€™s practice at the @rolexmontecarlomasters with @yannick_maden ğŸ¾ ğŸ’« #montecarlo #createdwithadidas #givesyouwings #4ocean
2019-04-17_16-43-50_UTC.txt,Good first round here at the @rolexmontecarlomasters ğŸ’ªğŸ¾ #montecarlo #createdwithadidas #givesyouwings #4ocean
2019-04-19_17-20-08_UTC.txt,First practice in Barcelona with the Chileans ğŸ‡¨ğŸ‡± ğŸ¾ #barcelona #createdwithadidas #givesyouwings #4ocean
2019-04-22_15-57-18_UTC.txt,Talking about our 2 favourite sports ğŸ¾âš½ï¸ğŸ˜Š #tennis #football #createdwithadidas #givesyouwings #4ocean
MeineMidi.txt,2017-01-01_04-27-24_UTC.txt 2017-01-03_06-08-43_UTC.txt 2017-01-05_08-59-47_UTC.txt 2017-01-06_14-31-29_UTC.txt 2017-01-11_15-53-11_UTC.txt 2017-01-14_13-26-41_UTC.txt 2017-01-17_07-34-21_UTC.txt 2017-01-18_13-32-18_UTC.txt 2017-01-19_16-02-16_UTC.txt 2017-01-21_12-53-35_UTC.txt 2017-01-23_12-31-48_UTC.txt 2017-01-29_09-19-23_UTC.txt 2017-02-02_19-07-16_UTC.txt 2017-02-03_13-41-34_UTC.txt 2017-02-15_21-42-32_UTC.txt 2017-02-17_15-47-04_UTC.txt 2017-02-20_13-12-10_UTC.txt 2017-02-23_04-24-21_UTC.txt 2017-02-25_12-43-15_UTC.txt 2017-02-27_14-58-11_UTC.txt 2017-03-02_09-18-38_UTC.txt 2017-03-06_02-46-33_UTC.txt 2017-03-09_05-43-55_UTC.txt 2017-03-09_21-26-24_UTC.txt 2017-03-11_21-34-34_UTC.txt 2017-03-14_18-47-46_UTC.txt 2017-03-16_17-02-10_UTC.txt 2017-03-17_19-09-38_UTC.txt 2017-03-20_11-58-01_UTC.txt 2017-03-23_18-43-59_UTC.txt 2017-03-24_14-16-28_UTC.txt 2017-03-28_09-42-55_UTC.txt 2017-03-31_14-42-46_UTC.txt 2017-04-04_08-10-08_UTC.txt 2017-04-07_18-31-13_UTC.txt 2017-04-10_13-29-30_UTC.txt 2017-04-11_11-22-55_UTC.txt 2017-04-16_12-16-41_UTC.txt 2017-04-17_17-50-35_UTC.txt 2017-04-24_09-51-37_UTC.txt 2017-04-28_18-10-06_UTC.txt 2017-04-29_20-33-33_UTC.txt 2017-05-01_12-24-53_UTC.txt 2017-05-05_10-49-43_UTC.txt 2017-05-05_13-04-09_UTC.txt 2017-05-07_14-17-01_UTC.txt 2017-05-11_22-22-38_UTC.txt 2017-05-13_08-45-44_UTC.txt 2017-05-14_23-02-13_UTC.txt 2017-05-18_21-02-25_UTC.txt 2017-05-24_12-24-48_UTC.txt 2017-05-25_12-50-39_UTC.txt 2017-05-29_19-59-54_UTC.txt 2017-05-30_09-21-09_UTC.txt 2017-06-03_14-04-09_UTC.txt 2017-06-04_23-16-07_UTC.txt 2017-06-11_18-44-57_UTC.txt 2017-06-14_22-12-08_UTC.txt 2017-06-17_18-19-55_UTC.txt 2017-06-20_08-04-36_UTC.txt 2017-06-22_14-05-38_UTC.txt 2017-06-26_05-30-41_UTC.txt 2017-06-27_13-31-56_UTC.txt 2017-06-28_09-07-22_UTC.txt 2017-07-01_16-05-02_UTC.txt 2017-07-06_12-11-01_UTC.txt 2017-07-07_09-03-09_UTC.txt 2017-07-13_19-42-20_UTC.txt 2017-07-18_16-58-41_UTC.txt 2017-07-20_21-42-34_UTC.txt 2017-07-27_19-55-18_UTC.txt 2017-07-29_12-19-09_UTC.txt 2017-07-30_12-39-49_UTC.txt 2017-08-05_14-22-40_UTC.txt 2017-08-06_18-10-45_UTC.txt 2017-08-22_00-22-56_UTC.txt 2017-08-26_18-45-02_UTC.txt 2017-08-26_21-16-05_UTC.txt 2017-08-27_11-09-51_UTC.txt 2017-08-28_18-06-40_UTC.txt 2017-09-01_12-37-58_UTC.txt 2017-09-01_16-18-58_UTC.txt 2017-09-06_15-39-07_UTC.txt 2017-09-09_17-21-01_UTC.txt 2017-09-11_13-22-08_UTC.txt 2017-09-13_21-37-45_UTC.txt 2017-09-14_15-25-18_UTC.txt 2017-09-20_18-16-42_UTC.txt 2017-09-22_07-35-56_UTC.txt 2017-09-25_11-23-55_UTC.txt 2017-09-27_00-31-26_UTC.txt 2017-10-01_07-42-45_UTC.txt 2017-10-02_15-31-27_UTC.txt 2017-10-05_16-52-04_UTC.txt 2017-10-08_16-01-07_UTC.txt 2017-10-10_15-53-05_UTC.txt 2017-10-15_15-31-33_UTC.txt 2017-10-21_21-06-20_UTC.txt 2017-10-30_19-35-24_UTC.txt 2017-11-01_12-53-01_UTC.txt 2017-11-09_16-28-47_UTC.txt 2017-11-11_13-55-08_UTC.txt 2017-11-16_10-13-28_UTC.txt 2017-11-22_17-17-49_UTC.txt 2017-11-26_14-39-09_UTC.txt 2017-11-28_17-52-39_UTC.txt 2017-11-30_08-21-32_UTC.txt 2017-12-04_12-54-25_UTC.txt 2017-12-06_18-41-48_UTC.txt 2017-12-10_18-35-44_UTC.txt 2017-12-13_16-53-21_UTC.txt 2017-12-17_16-13-35_UTC.txt 2017-12-20_13-18-54_UTC.txt 2017-12-22_19-21-34_UTC.txt 2017-12-28_18-18-58_UTC.txt 2017-12-29_17-20-07_UTC.txt 2018-01-09_08-17-32_UTC.txt 2018-01-13_21-32-28_UTC.txt 2018-01-21_01-13-15_UTC.txt 2018-01-28_13-19-21_UTC.txt 2018-02-01_15-00-17_UTC.txt 2018-02-10_12-25-32_UTC.txt 2018-02-12_16-39-56_UTC.txt 2018-02-14_14-11-00_UTC.txt 2018-02-19_04-54-36_UTC.txt 2018-02-26_21-17-01_UTC.txt 2018-03-11_01-46-32_UTC.txt 2018-03-15_17-09-41_UTC.txt 2018-03-22_15-50-44_UTC.txt 2018-03-24_14-33-31_UTC.txt 2018-03-26_17-52-11_UTC.txt 2018-03-28_17-26-12_UTC.txt 2018-03-30_17-36-29_UTC.txt 2018-04-01_17-03-43_UTC.txt 2018-04-03_17-08-06_UTC.txt 2018-04-05_17-07-36_UTC.txt 2018-04-07_17-25-27_UTC.txt 2018-04-09_17-42-56_UTC.txt 2018-04-11_17-18-34_UTC.txt 2018-04-13_17-44-47_UTC.txt 2018-04-15_17-02-52_UTC.txt 2018-04-17_17-35-07_UTC.txt 2018-04-19_17-10-03_UTC.txt 2018-04-21_18-08-42_UTC.txt 2018-04-23_18-13-57_UTC.txt 2018-04-25_17-23-52_UTC.txt 2018-04-27_17-24-02_UTC.txt 2018-04-29_17-05-24_UTC.txt 2018-05-01_17-37-41_UTC.txt 2018-05-03_16-47-23_UTC.txt 2018-05-05_17-39-07_UTC.txt 2018-05-07_18-22-21_UTC.txt 2018-05-09_16-45-40_UTC.txt 2018-05-11_17-41-11_UTC.txt 2018-05-13_19-06-18_UTC.txt 2018-05-15_17-42-03_UTC.txt 2018-05-17_17-04-46_UTC.txt 2018-05-19_15-43-38_UTC.txt 2018-05-21_16-10-35_UTC.txt 2018-05-23_16-42-41_UTC.txt 2018-05-25_17-09-44_UTC.txt 2018-05-27_16-11-21_UTC.txt 2018-05-28_10-43-05_UTC.txt 2018-05-29_16-25-40_UTC.txt 2018-05-31_16-41-18_UTC.txt 2018-06-02_16-49-58_UTC.txt 2018-06-04_16-07-53_UTC.txt 2018-06-06_15-24-15_UTC.txt 2018-06-08_16-41-11_UTC.txt 2018-06-10_18-16-24_UTC.txt 2018-06-12_17-05-37_UTC.txt 2018-06-14_16-06-16_UTC.txt 2018-06-16_16-28-50_UTC.txt 2018-06-18_18-29-33_UTC.txt 2018-06-20_18-01-08_UTC.txt 2018-06-22_16-05-16_UTC.txt 2018-06-24_17-10-14_UTC.txt 2018-06-26_20-04-10_UTC.txt 2018-06-28_16-25-19_UTC.txt 2018-06-30_16-11-04_UTC.txt 2018-07-02_17-39-30_UTC.txt 2018-07-04_16-36-09_UTC.txt 2018-07-06_14-23-30_UTC.txt 2018-07-08_17-42-40_UTC.txt 2018-07-09_15-18-34_UTC.txt 2018-07-10_17-20-51_UTC.txt 2018-07-12_15-12-13_UTC.txt 2018-07-13_13-57-55_UTC.txt 2018-07-15_18-51-01_UTC.txt 2018-07-17_16-21-55_UTC.txt 2018-07-19_16-09-58_UTC.txt 2018-07-21_15-59-27_UTC.txt 2018-07-23_14-07-49_UTC.txt 2018-07-25_19-51-21_UTC.txt 2018-07-27_18-05-50_UTC.txt 2018-07-29_18-03-50_UTC.txt 2018-07-31_17-54-42_UTC.txt 2018-08-02_16-17-01_UTC.txt 2018-08-04_23-12-15_UTC.txt 2018-08-06_22-04-52_UTC.txt 2018-08-08_17-15-55_UTC.txt 2018-08-09_14-01-09_UTC.txt 2018-08-11_19-02-41_UTC.txt 2018-08-13_18-42-49_UTC.txt 2018-08-15_19-26-18_UTC.txt 2018-08-18_16-31-06_UTC.txt 2018-08-20_14-04-15_UTC.txt 2018-08-22_19-32-35_UTC.txt 2018-08-24_16-47-10_UTC.txt 2018-08-26_16-09-44_UTC.txt 2018-08-28_14-32-16_UTC.txt 2018-08-30_15-39-05_UTC.txt 2018-09-01_13-18-23_UTC.txt 2018-09-01_17-10-20_UTC.txt 2018-09-02_20-19-15_UTC.txt 2018-09-05_07-47-14_UTC.txt 2018-09-06_17-05-04_UTC.txt 2018-09-08_17-46-00_UTC.txt 2018-09-10_16-06-39_UTC.txt 2018-09-12_16-03-36_UTC.txt 2018-09-14_17-01-53_UTC.txt 2018-09-16_17-08-28_UTC.txt 2018-09-18_18-06-02_UTC.txt 2018-09-20_20-11-04_UTC.txt 2018-09-21_18-58-04_UTC.txt 2018-09-23_12-08-34_UTC.txt 2018-09-23_17-25-07_UTC.txt 2018-09-25_16-08-54_UTC.txt 2018-09-27_17-15-41_UTC.txt 2018-09-28_17-30-09_UTC.txt 2018-09-30_17-16-58_UTC.txt 2018-10-02_15-01-32_UTC.txt 2018-10-03_11-13-33_UTC.txt 2018-10-05_17-49-58_UTC.txt 2018-10-07_14-57-12_UTC.txt 2018-10-09_15-10-30_UTC.txt 2018-10-11_16-59-54_UTC.txt 2018-10-13_17-38-09_UTC.txt 2018-10-15_18-52-32_UTC.txt 2018-10-18_17-03-05_UTC.txt 2018-10-20_18-32-35_UTC.txt 2018-10-22_17-13-14_UTC.txt 2018-10-24_17-43-19_UTC.txt 2018-10-25_17-19-02_UTC.txt 2018-10-27_17-02-41_UTC.txt 2018-10-29_17-52-12_UTC.txt 2018-10-31_17-12-40_UTC.txt 2018-11-02_18-43-46_UTC.txt 2018-11-04_17-29-25_UTC.txt 2018-11-06_17-36-04_UTC.txt 2018-11-08_18-20-52_UTC.txt 2018-11-10_18-01-41_UTC.txt 2018-11-12_17-46-29_UTC.txt 2018-11-14_18-02-14_UTC.txt 2018-11-16_17-46-42_UTC.txt 2018-11-18_17-26-49_UTC.txt 2018-11-20_18-04-53_UTC.txt 2018-11-22_17-41-57_UTC.txt 2018-11-24_17-30-07_UTC.txt 2018-11-26_17-43-00_UTC.txt 2018-11-28_17-54-37_UTC.txt 2018-11-30_17-18-44_UTC.txt 2018-12-02_18-00-31_UTC.txt 2018-12-04_16-31-26_UTC.txt 2018-12-06_17-25-59_UTC.txt 2018-12-07_16-04-46_UTC.txt 2018-12-09_17-07-51_UTC.txt 2018-12-11_14-00-31_UTC.txt 2018-12-13_16-16-05_UTC.txt 2018-12-14_16-37-34_UTC.txt 2018-12-15_15-24-06_UTC.txt 2018-12-17_15-55-10_UTC.txt 2018-12-19_13-58-37_UTC.txt 2018-12-20_14-33-52_UTC.txt 2018-12-21_15-25-33_UTC.txt 2018-12-23_17-54-40_UTC.txt 2018-12-24_18-56-44_UTC.txt 2018-12-26_13-52-29_UTC.txt 2018-12-28_17-44-12_UTC.txt 2018-12-30_17-22-12_UTC.txt 2019-01-01_17-08-09_UTC.txt 2019-01-04_09-02-16_UTC.txt 2019-01-04_19-35-58_UTC.txt 2019-01-10_10-10-58_UTC.txt 2019-01-11_10-49-57_UTC.txt 2019-01-12_07-39-40_UTC.txt 2019-01-14_08-41-06_UTC.txt 2019-01-15_16-20-11_UTC.txt 2019-01-22_16-16-00_UTC.txt 2019-02-07_15-59-48_UTC.txt 2019-02-11_02-32-05_UTC.txt 2019-02-12_18-53-50_UTC.txt 2019-02-18_16-15-46_UTC.txt 2019-02-23_19-52-10_UTC.txt 2019-02-26_21-51-47_UTC.txt 2019-03-01_06-40-19_UTC.txt 2019-03-03_21-33-32_UTC.txt 2019-03-04_21-29-36_UTC.txt 2019-03-08_07-00-45_UTC.txt 2019-03-12_05-02-26_UTC.txt 2019-03-16_21-07-12_UTC.txt 2019-03-18_06-53-42_UTC.txt 2019-03-20_18-49-18_UTC.txt 2019-03-24_18-10-05_UTC.txt 2019-03-29_13-29-47_UTC.txt 2019-03-30_17-21-58_UTC.txt 2019-04-04_15-06-53_UTC.txt 2019-04-08_17-03-19_UTC.txt 2019-04-12_16-03-31_UTC.txt 2019-04-15_15-54-09_UTC.txt 2019-04-17_16-43-50_UTC.txt 2019-04-19_17-20-08_UTC.txt 2019-04-22_15-57-18_UTC.txt
